Seed,MAE,RMSE,R2
42,0.0537053439676658,0.06361116550274956,0.9518630219494725
123,0.1148555977251937,0.1255364897805512,0.8125212373835077
777,0.1265614676556132,0.15469792753904787,0.7153041687500199
888,0.07508019842049549,0.0852329746019268,0.9135773841146119
2025,0.33402258728755024,0.4470627018288459,-1.3776558504946408
