Seed,MAE,RMSE,R2
42,0.20076945493447115,0.2558037194271187,0.3248160699136311
123,0.06004235244872446,0.06786793548093734,0.9524732995904306
777,0.18824440169850884,0.2585410574147785,0.310288561161719
888,0.06440194118916386,0.07881622669689944,0.9359027103181922
2025,0.07476355812220979,0.08526490664526687,0.9249848418544308
