Seed,MAE,RMSE,R2
42,0.08413670073435933,0.09497774674069841,0.9069209136532056
123,0.14589562954049878,0.15286707153016327,0.7588783098574619
777,0.12241915609329342,0.13117511085667408,0.8224538467716564
888,0.07421372033135451,0.07994086525745582,0.9340604351744084
2025,0.11443940988721027,0.12029053253500765,0.850696055205651
