Seed,MAE,RMSE,R2
42,0.04908936984133033,0.06534041865929348,0.9559473323100309
123,0.10030810790021186,0.10864462545385924,0.8782062839346774
777,0.07718120808206443,0.0869114780413639,0.9220595948826816
888,0.06437949616803226,0.07848613584588764,0.9364384787491438
2025,0.07146175331962731,0.08629054324600485,0.9231692993656037
